num_features,mean_area,max_area,min_area,num_tracks,mean_lifetime,max_lifetime,min_lifetime,mean_velocity,max_velocity,min_velocity,n_min_threshold
50620,54777.61026502564,1734622.59375,2667.214285714286,2002,10.358961557663505,743.0,6.0,14.491504334896351,1368.055576871126,1.0902984411363603,118
13240,167018.7286232453,1734622.59375,23145.75,549,12.62,743.0,6.0,15.17684528841356,999.0587933134199,2.6898312256172017,987
10131,201995.97066366565,1734622.59375,35260.3125,438,13.10250569476082,743.0,6.0,15.646430523531059,886.4696822066174,2.815324708466424,1481
9831,206267.8436931054,1734622.59375,35260.3125,428,13.17016317016317,743.0,6.0,15.645431623331683,878.0541101466112,2.815324708466424,1550
8381,227933.52804586326,1734622.59375,46831.5,374,13.546666666666667,743.0,6.0,15.678745694706489,798.2237563930029,2.7740134230470916,1975
7163,260233.62535413197,1734622.59375,60642.0,314,14.222222222222221,743.0,6.0,16.107820749603825,739.0784377839183,2.126030279253698,2469
