num_features,mean_area,max_area,min_area,num_tracks,mean_lifetime,max_lifetime,min_lifetime,mean_velocity,max_velocity,min_velocity,threshold
5303,132569.20579706554,682674.2307692309,50546.89285714286,271,18.1875,743.0,6.0,76.03770567878719,406.10276380092256,4.8323745894930985,225
6625,146967.76665113098,802908.3103448276,46612.60714285714,319,18.54375,743.0,6.0,74.15193187013725,454.9464441037588,4.420876826979186,230
7562,172358.6589587592,1061745.46875,46210.5,367,18.5625,743.0,6.0,71.77917512578342,490.1697406121933,4.00766352070053,235
8302,202682.88497199953,1216705.5459183673,44683.07142857143,399,18.695,743.0,6.0,67.22498165767698,528.3919678776142,2.853930255094002,240
8381,212728.89116830673,1561106.25,50885.35714285714,409,18.38780487804878,743.0,6.0,66.76648987518001,510.37154824967905,4.010132710526416,241
8522,233958.4667028151,1512862.5326086956,48371.174999999996,370,20.299191374663074,743.0,6.0,74.90940574858702,538.8510326290659,6.185504405194288,245
